,city,country,lat,lon,max_temp (F),humidity (%),cloudiness (%),wind_speed (mph),date
0,Guaynabo,PR,18.3839,-66.1134,88.14,73,75,12.66,1627747895
1,Eschen,LI,47.2,9.5167,73.67,83,100,1.99,1627747895
2,Oradell,US,40.9562,-74.0314,76.51,51,1,4.0,1627747896
3,Lumphat,KH,13.507,106.981,74.97,98,71,2.8,1627747896
4,Prospect Park,US,39.8858,-75.3074,77.14,48,40,6.91,1627747897
5,Groveland,US,42.752,-71.0149,73.58,56,1,1.01,1627747898
6,Palma de Mallorca,ES,39.5667,2.65,91.17,68,20,8.01,1627747898
7,Ayusan Uno,PH,14.0157,121.4011,80.4,91,100,4.41,1627747899
8,Antigo,US,45.1413,-89.1556,74.12,73,1,10.36,1627747900
9,Turtucaia,BG,44.0481,26.6044,95.81,30,0,6.62,1627747900
10,Winters,US,38.532,-121.9781,77.85,48,39,4.99,1627747901
11,Palayan City,PH,15.5333,121.0833,76.75,95,100,2.46,1627747901
12,Broadalbin,US,43.1248,-74.26,70.83,58,40,1.99,1627747902
13,Hemel Hempstead,GB,51.7526,-0.4692,68.47,86,77,8.05,1627747902
14,Larchmont,US,40.9443,-73.7487,76.46,52,20,5.99,1627747903
15,Vipava,SI,45.8463,13.9622,88.86,52,4,5.26,1627747904
16,Silver City,US,32.7784,-108.2698,73.99,53,75,4.0,1627747904
17,Palma di Montechiaro,IT,37.1936,13.7658,97.61,37,1,7.18,1627747905
18,Brejo Santo,BR,-7.535,-39.1178,87.6,34,54,14.25,1627747905
19,Oberrieden,CH,47.2778,8.5781,73.92,61,40,1.01,1627747906
20,Casorezzo,IT,45.5167,8.9,85.01,60,40,5.99,1627747907
21,DeBary,US,28.8815,-81.324,93.11,65,75,1.01,1627747907
22,Sickte,DE,52.2156,10.6378,71.58,57,40,15.01,1627747908
23,Knoxville,US,35.9692,-83.9496,86.74,67,1,1.99,1627747908
24,Vinton,US,37.2746,-79.8887,84.9,50,75,3.44,1627747909
25,Ainaro,TL,-8.9917,125.2197,71.08,92,19,4.81,1627747909
26,Palapag,PH,12.547,125.116,80.62,86,97,7.83,1627747910
27,Nyagan,RU,62.1333,65.3833,59.4,56,46,3.13,1627747911
28,Bakersfield,US,35.3529,-119.0359,95.11,27,1,8.99,1627747911
29,Roding,DE,49.1936,12.5192,75.58,49,21,7.45,1627747912
30,Le Beausset,FR,43.1983,5.8028,88.02,59,0,1.99,1627747912
31,Buda-Kashalyova,BY,52.7167,30.5667,87.69,51,97,5.39,1627747913
32,Xiancheng,CN,23.2589,116.2388,79.95,90,100,5.73,1627747913
33,Sexmoan,PH,14.9333,120.6167,83.03,89,100,4.85,1627747914
34,Eden,US,42.6527,-78.8787,69.66,58,5,6.44,1627747915
35,Eagle,US,43.7223,-116.3862,87.62,48,1,1.01,1627747915
36,Ashland,US,42.1905,-122.6992,79.54,41,88,1.72,1627747916
37,Cherskiy,RU,69.4225,161.53,40.17,95,100,5.53,1627747916
38,Nelson,GB,53.8346,-2.218,64.69,86,97,12.68,1627747917
39,Loreto,MX,22.2667,-101.9833,69.19,53,66,6.67,1627747918
40,Piešťany,SK,48.5833,17.8333,85.62,45,0,5.75,1627747918
41,Lake Magdalene,US,28.0875,-82.4791,92.57,71,40,1.99,1627747919
42,Can Tho,VN,10.0333,105.7833,78.78,94,40,12.66,1627747919
43,Ipswich,US,42.6857,-70.8399,73.74,55,1,8.05,1627747920
44,Canzo,IT,45.85,9.2667,84.34,61,36,2.93,1627747921
45,Bolu,TR,40.7333,31.6,79.83,42,0,5.86,1627747921
46,Odžaci,RS,45.5167,19.2667,89.6,23,0,8.12,1627747922
47,Zomergem,BE,51.1167,3.5667,72.41,68,68,10.85,1627747922
48,Yendi,GH,9.4337,-0.0167,75.18,88,100,5.3,1627747923
49,Nakkila,FI,61.3653,22.0042,66.09,72,20,8.05,1627747924
50,Krasnystaw,PL,51.0,23.1667,73.69,72,97,4.88,1627747924
51,Beipiao,CN,41.802,120.7621,70.0,98,40,3.2,1627747925
52,Mineo,IT,37.2664,14.6911,94.95,27,1,3.0,1627747925
53,Mansfield Center,US,42.0163,-71.2187,74.17,57,1,1.01,1627747926
54,Rockcreek,US,45.5525,-122.8757,78.1,59,1,1.99,1627747926
55,Waldsee,DE,49.3956,8.4406,77.52,45,0,9.22,1627747927
56,Vlăhiţa,RO,46.35,25.53,75.92,49,15,4.59,1627747928
57,Vico Equense,IT,40.6667,14.4333,92.32,48,0,5.37,1627747928
58,Acerra,IT,40.95,14.3667,98.28,43,0,8.05,1627747929
59,Martins Soares,BR,-20.2569,-41.8769,70.18,33,4,4.36,1627747930
60,Amatitán,MX,20.8333,-103.7167,76.33,70,100,2.42,1627747930
61,Pereiras,BR,-22.4333,-47.7167,61.63,36,96,6.89,1627747931
62,Candiolo,IT,44.9667,7.6,76.68,81,80,1.01,1627747931
63,Crosne,FR,48.7147,2.4611,75.45,54,100,1.01,1627747932
64,Neuilly-sur-Marne,FR,48.8478,2.5528,74.89,49,90,8.05,1627747932
65,Worms,DE,49.6319,8.3653,77.56,47,90,11.01,1627747933
66,Albbruck,DE,47.5892,8.1292,75.52,78,82,5.86,1627747933
67,Brunnthal,DE,48.0167,11.6833,73.62,70,97,2.28,1627747934
68,Pueblo Nuevo,MX,23.7823,-105.3585,61.59,65,42,5.14,1627747935
69,Clayton le Moors,GB,53.775,-2.384,64.94,86,97,5.99,1627747936
70,Naperville,US,41.7483,-88.1657,76.48,69,90,3.0,1627747937
71,Illéla,NE,14.4179,5.6135,90.63,43,55,10.04,1627747937
72,Agno,PH,16.1161,119.8027,81.84,83,100,16.02,1627747938
73,Acambay,MX,19.9539,-99.8431,61.21,68,74,4.85,1627747939
74,Kericho,KE,-0.3692,35.2839,59.74,68,100,4.21,1627747939
75,Dingxing,CN,39.3257,115.8678,70.97,84,7,6.04,1627747940
76,Villa Mercedes,AR,-33.6667,-65.4667,60.57,25,0,9.89,1627747940
77,Borgoricco,IT,45.5336,11.9659,91.69,58,2,7.0,1627747941
78,Shijiao,CN,23.5607,112.963,84.18,81,100,3.27,1627747941
79,Chekhov,RU,55.1481,37.4769,78.08,53,37,7.16,1627747942
80,Sioux City,US,42.4959,-96.3901,75.16,62,1,7.0,1627747943
81,Copparo,IT,44.9,11.8333,96.73,51,15,16.28,1627747943
82,Giussago,IT,45.2848,9.1407,85.87,53,21,4.43,1627747944
83,Yomou,GN,7.566,-9.2533,75.45,93,89,3.76,1627747944
84,Chester Heights,US,39.9182,-75.5164,75.88,53,1,1.99,1627747945
85,Hilversum,NL,52.23,5.18,70.02,77,92,10.51,1627747945
86,Oak Hills,US,34.3912,-117.4125,84.67,31,65,3.0,1627747946
87,Milan,US,35.9126,-88.7554,89.28,80,49,1.63,1627747947
88,Argun,RU,43.2645,45.8226,86.25,54,0,4.47,1627747947
89,St Austell,GB,50.3386,-4.7922,67.91,88,75,12.66,1627747948
90,Bayshore Gardens,US,27.4345,-82.5794,92.25,69,20,8.05,1627747948
91,Orlu,NG,5.7837,7.0333,81.16,65,81,9.37,1627747949
92,Taverny,FR,49.0264,2.2275,75.18,55,90,12.66,1627747949
93,Fort Payne,US,34.4557,-85.6965,85.82,72,40,1.01,1627747950
94,Novovolyns’k,UA,50.7333,24.1667,63.27,93,96,16.49,1627747950
95,Laguna de Duero,ES,41.5833,-4.7167,71.98,52,40,10.36,1627747951
96,Sidi Smai’il,MA,32.8167,-8.5,79.92,45,0,21.99,1627747952
97,Rajec,SK,49.0833,18.6333,81.09,60,20,11.5,1627747952
98,Swarthmore,US,39.8971,-75.3697,76.86,50,40,1.99,1627747953
99,Cruz das Almas,BR,-12.67,-39.1019,72.55,83,98,12.44,1627747666
100,Vero Beach South,US,27.6164,-80.413,93.02,59,40,3.0,1627747954
101,Puchezh,RU,56.9833,43.1667,72.73,52,48,11.59,1627747954
102,Lins,BR,-21.6219,-49.7986,74.73,23,96,9.91,1627747955
103,Hämeenlinna,FI,61.0,24.4414,70.21,56,74,7.27,1627747955
104,Koko,GA,1.0171,13.9333,84.34,53,90,2.33,1627747956
105,Bouza,NE,14.2713,6.014,90.7,43,94,8.93,1627747956
106,Xinan,CN,23.0636,115.5467,82.81,88,100,5.26,1627747957
107,Warminster Heights,US,40.2043,-75.0915,75.74,51,1,1.01,1627747957
108,Sainghin-en-Weppes,FR,50.5625,2.9006,72.19,59,75,4.0,1627747958
109,Alto Paraná,BR,-23.1289,-52.3189,65.43,33,100,14.25,1627747959
110,Kaba,HU,47.3557,21.2742,84.76,32,5,16.91,1627747959
111,Cerrito,UY,-34.8667,-56.1667,59.11,58,0,3.0,1627747960
112,Saint John,MT,35.8986,14.4839,93.6,49,0,5.75,1627747960
113,Fröndenberg,DE,51.4719,7.7658,70.72,68,20,10.0,1627747961
114,Market Deeping,GB,52.6776,-0.3173,70.9,67,100,7.54,1627747961
115,Etten-Leur,NL,51.5706,4.6356,71.1,64,74,3.0,1627747962
116,Kaabong,UG,3.5204,34.12,66.33,77,100,3.85,1627747962
117,Settimo San Pietro,IT,39.291,9.1853,104.25,49,0,8.05,1627747963
118,Little Chute,US,44.2905,-88.3206,75.51,78,40,1.99,1627747963
119,Had Kourt,MA,34.4383,-5.6844,87.44,28,23,15.97,1627747964
120,Neue Siedlung,DE,52.2831,13.4331,75.79,42,0,19.57,1627747965
121,Castiglione della Pescaia,IT,42.7656,10.8808,92.57,74,0,12.75,1627747965
122,Bouarouss,MA,34.2894,-4.9481,94.95,20,22,16.6,1627747966
123,Kangboi,ID,1.0678,104.0167,80.53,94,20,0.0,1627747967
124,Buena Vista,DO,18.43,-68.97,86.36,74,40,6.91,1627747967
125,,-,73.0081,119.833,56.26,62,8,9.15,1627747968
126,Don Bosco,AR,-34.7,-58.2833,60.94,56,100,1.01,1627747968
127,Kahror Pakka,PK,29.6236,71.9167,99.43,40,9,6.42,1627747969
128,Luqa,MT,35.8597,14.4892,93.22,49,0,5.75,1627747969
129,Jesús María,AR,-30.9817,-64.0942,66.11,22,0,8.84,1627747970
130,Kabacan,PH,7.1167,124.8167,75.96,91,88,1.5,1627747970
131,Rio Hondo,US,26.2347,-97.5817,91.96,68,40,14.97,1627747971
132,Shizuoka,JP,34.9756,138.3825,74.71,89,84,3.27,1627747972
133,Franklin Park,US,40.5836,-80.0283,74.44,50,20,1.99,1627747662
134,Shakopee,US,44.7744,-93.4764,78.26,77,90,7.0,1627747972
135,Zavetnoye,RU,47.1172,43.8908,89.82,20,7,4.99,1627747973
136,Alvarães,BR,-3.2,-64.8333,79.05,36,35,1.74,1627747974
137,Poplar Bluff,US,36.7632,-90.4136,87.39,80,40,1.99,1627747974
138,Cazenovia,US,42.9122,-75.8636,66.07,58,63,6.87,1627747975
139,Buenavista,PH,8.9744,125.409,78.96,84,100,0.51,1627747975
140,Trang,TH,7.5561,99.6114,77.09,94,100,5.37,1627747976
141,Elst,NL,51.9156,5.8378,72.09,74,75,14.97,1627747976
142,Ripon,US,37.7417,-121.131,85.91,62,1,9.22,1627747977
143,Richland Hills,US,32.8095,-97.2273,95.99,58,1,1.99,1627747977
144,Creutzwald,FR,49.2053,6.6958,70.59,60,97,8.46,1627747978
145,Costa de Caparica,PT,38.6446,-9.2356,72.84,55,40,24.16,1627747769
146,Meknes,MA,34.0559,-5.5183,89.92,26,9,15.28,1627747979
147,Nioro Rufis,ML,15.1833,-9.55,94.17,40,52,5.32,1627747980
148,Songwu,TW,24.9167,121.15,83.14,85,75,3.44,1627747980
149,Xinyang,CN,32.1264,114.0672,81.48,80,0,4.92,1627747981
150,Dongping,CN,24.7352,113.1849,78.82,86,99,3.51,1627747982
151,Nogushi,RU,55.9453,58.2679,66.67,92,98,6.58,1627747982
152,Spring Grove,US,39.8646,-76.8189,76.39,54,1,4.61,1627747983
153,Añatuya,AR,-28.4667,-62.8333,67.55,18,43,6.06,1627747984
154,Shaping,CN,22.8728,112.7802,83.98,88,100,4.65,1627747985
155,Altamira,BR,-3.2619,-52.6678,72.03,98,100,2.3,1627747985
156,Lakewood,US,42.2333,-88.3351,76.01,66,5,5.99,1627747986
157,Kharabali,RU,47.4,47.25,86.0,23,76,4.14,1627747986
158,Pibrac,FR,43.6169,1.2847,65.05,94,75,6.91,1627747987
159,Melfi,IT,40.9964,15.6558,94.82,15,0,13.62,1627747988
160,Vellore,IN,12.9204,79.15,84.99,48,79,12.33,1627747988
161,El Ksour,TN,35.9424,8.8284,89.89,25,65,15.35,1627747989
162,Kennett,US,36.2403,-90.0481,88.03,83,40,4.61,1627747989
163,Villeneuve-Tolosane,FR,43.5236,1.3417,65.08,94,75,6.91,1627747990
164,Videm,SI,45.85,14.6942,86.34,51,11,6.78,1627747990
165,Hnúšťa,SK,48.5736,19.9531,78.76,54,71,6.46,1627747991
166,Podil,UA,50.45,30.5236,88.34,39,0,1.99,1627747992
167,Calasiao,PH,16.0167,120.3667,79.09,85,100,1.95,1627747992
168,Wachtebeke,BE,51.17,3.8594,72.18,68,78,10.58,1627747993
169,Woodbury,US,40.8177,-73.4703,75.61,49,1,1.99,1627747993
170,Ełk,PL,53.8167,22.35,75.18,66,76,13.22,1627747994
171,Oberwart,AT,47.2878,16.2031,81.48,49,91,11.99,1627747994
172,Minas Gerais,BR,-17.8728,-44.18,78.19,41,31,8.52,1627747995
173,Riolândia,BR,-19.99,-49.6808,82.22,11,8,5.19,1627747996
174,Nagyatád,HU,46.2294,17.3575,86.38,28,21,4.54,1627747996
175,Serenada,US,30.6668,-97.6953,92.37,66,40,4.61,1627747978
176,Trinity,US,35.8756,-80.0093,87.75,66,27,1.01,1627747997
177,Rockwood,US,35.8693,-84.6731,86.54,71,75,1.01,1627747998
178,Santo Antônio do Monte,BR,-20.0869,-45.2939,71.17,33,4,7.05,1627747998
179,Cachoeira,BR,-12.6178,-38.9558,73.22,89,98,12.5,1627747999
180,Castiglione dei Pepoli,IT,44.15,11.15,91.4,32,0,10.22,1627747999
181,Madaoua,NE,14.0762,5.9586,91.0,43,92,8.19,1627748000
182,Koshekhabl',RU,44.9,40.4833,86.0,31,1,7.49,1627748000
183,Yellowknife,CA,62.4709,-114.4053,71.8,68,4,3.0,1627748001
184,Sarlat-la-Canéda,FR,44.89,1.2167,69.55,77,100,4.0,1627748002
185,Tona,ES,41.8506,2.2292,76.82,59,91,6.22,1627748002
186,Haelen,NL,51.2358,5.9547,72.52,53,83,12.37,1627748003
187,Meybod,IR,32.25,54.0167,100.42,13,25,16.55,1627748003
188,Krasnoarmiys'k,UA,48.2833,37.1833,78.64,56,88,5.75,1627748004
189,Bauta,CU,22.9919,-82.5492,89.49,58,40,3.44,1627748004
190,Saint Anthony,US,45.0278,-93.2174,77.59,70,20,7.0,1627748006
191,Arese,IT,45.5531,9.0775,84.99,56,40,1.14,1627748007
192,Tlapa de Comonfort,MX,17.5461,-98.5764,74.77,66,83,3.94,1627748007
193,Cambiano,IT,44.9711,7.7744,78.66,78,80,6.2,1627748008
194,Tsarevo,BG,42.1708,27.8511,84.38,63,0,11.1,1627748008
195,Tawaramoto,JP,34.5542,135.7931,81.88,84,23,1.83,1627748009
196,Hitachi,JP,36.6,140.65,77.76,79,90,5.73,1627748009
197,Anadarko,US,35.0652,-98.2441,92.21,45,0,11.81,1627748010
198,Gainsborough,GB,53.4016,-0.7732,70.0,68,75,1.99,1627748011
199,Pozo Almonte,CL,-20.2597,-69.7862,51.04,27,15,5.35,1627748011
200,Briceni,MD,48.3628,27.085,86.04,56,4,5.39,1627748012
201,Paysandu,UY,-32.32,-58.0756,61.43,53,0,6.13,1627748012
202,Changshu City,CN,31.65,120.7333,82.56,91,99,2.44,1627748013
203,Lagos,PT,37.1,-8.6667,84.24,61,33,23.87,1627748013
204,Lake Telemark,US,41.0003,-74.5531,72.28,59,10,3.0,1627748014
205,Conway,US,44.0085,-71.0719,73.09,66,1,5.99,1627748014
206,Verdal,NO,63.7922,11.4817,62.55,68,76,6.73,1627748015
207,Thāne,IN,19.18,72.9633,84.15,79,75,13.8,1627748015
208,Barentin,FR,49.5444,0.9536,71.28,61,88,11.68,1627748016
209,Sömmerda,DE,51.1617,11.1169,76.53,39,74,15.14,1627748017
210,Ébolowa,CM,2.9,11.15,74.35,91,61,4.32,1627748017
211,Amaporã,BR,-23.0958,-52.7878,65.28,36,100,12.57,1627748018
212,Windhoek,NA,-22.57,17.0836,67.96,17,0,8.01,1627748018
213,Zijinglu,CN,34.9136,112.7852,83.55,65,0,2.1,1627748019
214,Mecca,US,33.5767,-116.0645,96.37,54,1,8.05,1627748019
215,Stupino,RU,54.8869,38.0772,76.78,52,46,8.41,1627748020
216,Belle Plaine,US,44.6188,-93.7643,78.39,45,20,9.78,1627748020
217,Buckhaven,GB,56.1776,-3.0303,60.55,88,100,10.74,1627748021
218,Corinto,NI,12.4833,-87.1833,87.04,59,18,4.12,1627748022
219,Den Helder,NL,52.9583,4.7589,68.99,84,75,18.01,1627748022
220,Dalangin,PH,7.8682,122.5613,76.46,90,99,1.03,1627748023
221,Jinta,CN,40.1645,98.7521,83.64,16,7,33.55,1627748023
222,Santa Cruz da Baixa Verde,BR,-7.8378,-38.1019,82.24,34,56,16.4,1627748024
223,Beachmere,AU,-27.1442,153.0,59.05,50,2,3.18,1627748024
224,Jundiaí,BR,-23.1864,-46.8842,66.97,42,84,8.39,1627748025
225,Müncheberg,DE,52.5036,14.1397,75.04,34,68,5.01,1627748025
226,Moţăţei,RO,44.1,23.2,94.55,17,39,7.02,1627748026
227,Simeonovgrad,BG,42.0324,25.8345,94.32,28,45,19.66,1627748027
228,Igreja Nova,BR,-10.1253,-36.6619,77.76,80,42,15.23,1627748027
229,Sapol,PH,13.3667,121.2,80.11,79,100,2.08,1627748028
230,Opuwo,NA,-17.3196,13.92,83.89,13,1,11.43,1627748028
231,Oakengates,GB,52.72,-2.421,67.68,62,75,7.83,1627748029
232,Howland Center,US,41.2483,-80.7444,74.52,57,20,0.0,1627748029
233,Stadthagen,DE,52.3247,9.2069,71.78,66,62,19.57,1627748030
234,Dover,US,42.2366,-71.2842,73.94,54,1,1.01,1627748031
235,Brahmapur,IN,19.32,84.8,83.8,71,100,4.32,1627748031
236,Lessines,BE,50.7117,3.83,72.14,87,75,5.75,1627748032
237,Beverley,GB,53.845,-0.427,70.02,89,75,4.61,1627748032
238,Zelino,MK,41.9794,21.0619,97.9,13,3,5.14,1627748033
239,Hecelchakán,MX,20.1667,-90.1333,83.48,46,57,6.87,1627748034
240,Hickam Field,US,21.3311,-157.9474,77.13,69,20,10.0,1627748034
241,Sugarmill Woods,US,28.7321,-82.4986,93.15,69,80,1.01,1627748035
242,Malaṅgawā,NP,26.9333,85.5833,81.77,83,70,15.26,1627748035
243,Nassau,BS,25.0667,-77.3333,89.58,62,40,11.5,1627748036
244,Loei,TH,17.4853,101.7307,78.62,82,100,2.15,1627748036
245,Birdwell,GB,53.52,-1.47,66.94,74,87,11.03,1627748037
246,McMinns Lagoon,AU,-12.4922,131.053,75.18,96,6,2.06,1627748037
247,Pliezhausen,DE,48.5586,9.2058,76.42,51,0,5.75,1627748038
248,Nole,IT,45.25,7.5833,82.85,81,75,3.0,1627748038
249,Barra do Piraí,BR,-22.47,-43.8258,71.11,40,64,5.28,1627748039
250,Petushki,RU,55.9333,39.4667,73.2,49,3,7.52,1627748040
251,Rossoh',RU,50.1983,39.5672,81.48,51,75,2.46,1627748040
252,La Paz,PH,10.85,124.95,80.26,84,100,4.07,1627748041
253,Tianjiahe,CN,35.3754,103.8612,66.0,43,0,4.18,1627748041
254,Mount Holly,US,39.995,-74.7863,77.23,48,1,4.0,1627748042
255,Jagna,PH,9.65,124.3667,81.18,83,95,10.27,1627748042
256,Manage,BE,50.5,4.2333,67.46,68,86,10.27,1627748043
257,Mandurah,AU,-32.5289,115.7231,57.22,72,80,31.5,1627748044
258,Burgdorf,CH,47.0567,7.6264,72.9,64,75,5.75,1627748044
259,Gemeente Houten,NL,52.0261,5.1728,70.07,72,88,10.6,1627748045
260,Rosário do Catete,BR,-10.6958,-37.0308,73.26,84,71,17.63,1627748046
261,Felisburgo,BR,-16.6389,-40.7608,64.51,64,100,7.56,1627748046
262,Tara Hills,US,37.9939,-122.3188,72.09,89,68,1.99,1627748047
263,Beatrice,US,40.2737,-96.7454,75.13,83,75,9.22,1627748047
264,Ithaca,US,42.4442,-76.5032,70.59,56,75,3.0,1627748048
265,Wyndmoor,US,40.0856,-75.1941,76.12,49,1,1.01,1627748048
266,Willow Street,US,39.9809,-76.2705,75.94,57,20,1.01,1627748049
267,Naryn,KG,41.4333,76.0,57.61,39,11,8.59,1627748050
268,Keller,US,32.9337,-97.2255,95.59,56,1,4.0,1627747824
269,Cartersville,US,34.1639,-84.8007,91.71,77,75,1.99,1627747927
270,Lastra a Signa,IT,43.7667,11.1,95.63,47,20,3.0,1627748051
271,Letychiv,UA,49.3833,27.6167,78.15,66,61,6.67,1627748051
272,Ainring,DE,47.8136,12.9428,74.75,76,75,5.75,1627748052
273,Tangjiazhuang,CN,39.9373,118.6401,68.88,93,100,2.71,1627748053
274,Urrut,AM,41.0075,44.3867,74.75,73,32,5.08,1627748053
275,Bad Liebenzell,DE,48.7742,8.7314,76.46,60,78,9.42,1627748054
276,Lapu-Lapu City,PH,10.3127,123.9488,82.0,79,100,9.62,1627748055
277,Bosilovo,MK,41.4406,22.7278,103.75,10,0,10.96,1627748056
278,Pura,PH,15.6248,120.648,77.4,91,100,0.81,1627748056
279,São Pedro do Suaçuí,BR,-18.275,-42.67,71.33,47,94,6.93,1627748057
280,Hörstel,DE,52.2972,7.5861,68.88,77,20,12.66,1627748058
281,Mutterstadt,DE,49.4417,8.3561,77.56,48,0,9.22,1627748058
282,Stanford,GB,51.514,0.4244,69.35,78,20,5.75,1627748059
283,Cervera,ES,41.6657,1.271,78.46,56,100,8.32,1627748059
284,Cibitoke,BI,-2.8869,29.1248,76.37,44,33,4.63,1627748060
285,Bergerac,FR,44.85,0.48,68.29,68,90,10.36,1627748060
286,South Grafton,AU,-29.715,152.9344,62.24,100,90,2.3,1627748061
287,Milazzo,IT,38.217,15.237,93.38,57,0,4.0,1627748061
288,Bab Taza,MA,35.0563,-5.0688,86.99,19,43,8.12,1627748062
289,Volgodonsk,RU,47.5167,42.15,92.89,29,54,4.94,1627748062
290,Narvik,NO,68.4383,17.4278,51.39,83,100,5.3,1627748063
291,Lingtang,CN,32.6853,119.0041,81.81,92,0,5.59,1627748064
292,Little Mountain,US,41.1599,-112.2871,86.18,48,25,3.29,1627748064
293,Obuasi,GH,6.2,-1.6833,78.49,84,95,4.52,1627748065
294,Kremastí,GR,36.4105,28.1191,98.53,34,20,14.97,1627748065
295,Dearborn Heights,US,42.3164,-83.2769,76.05,61,75,10.36,1627748066
296,Bibiani,GH,6.2058,-2.4894,78.82,85,91,4.81,1627748066
297,San Felipe del Progreso,MX,19.7125,-99.9511,68.18,70,49,3.91,1627748067
298,Bischheim,FR,48.6242,7.7547,79.2,46,90,9.22,1627748067
299,Stange,NO,60.6494,11.3664,61.34,96,100,3.44,1627748068
300,Wellston,US,39.1172,-82.5375,78.12,55,94,1.3,1627748068
301,Artesia,US,32.8492,-104.4274,82.76,51,1,0.0,1627748069
302,Pola,PH,13.1439,121.44,80.17,76,100,4.09,1627748069
303,Ilha Solteira,BR,-20.3669,-51.4189,75.61,18,49,5.3,1627748070
304,San Pedro Amuzgos,MX,16.65,-98.1,81.97,58,32,0.89,1627748071
305,San Miguel,PH,10.0167,124.2667,77.05,80,100,6.49,1627748071
306,Cuijk,NL,51.7656,5.8433,72.09,67,20,4.0,1627748072
307,Batesville,US,39.2974,-85.2139,79.16,72,1,4.0,1627748072
308,Caracaraí,BR,1.8158,-61.1278,85.06,57,73,4.79,1627748073
309,Marsaxlokk,MT,35.8625,14.5675,93.85,49,0,5.75,1627748073
310,High Wycombe,GB,51.6287,-0.7482,68.72,87,79,7.81,1627748074
311,Biedenkopf,DE,50.9128,8.5322,71.92,64,68,11.1,1627748074
312,Lunca,RO,45.1433,23.9917,79.88,59,53,7.16,1627748075
313,Yaoundé,CM,3.8578,11.5181,72.18,91,80,4.94,1627747863
314,Taupo,NZ,-38.69,176.08,39.54,87,98,3.15,1627748076
315,Jining,CN,41.03,113.08,57.07,78,10,17.56,1627748076
316,Chichaoua,MA,31.5617,-8.8944,95.5,19,1,19.13,1627748077
317,Taquaritinga,BR,-21.4058,-48.505,75.58,23,45,9.01,1627748078
318,Kabarnet,KE,0.4919,35.743,56.25,93,100,3.47,1627748078
319,Ban Dung,TH,17.704,103.2623,82.13,89,100,5.55,1627748079
320,Dos Ejidos,MX,25.5667,-100.25,84.76,52,11,4.63,1627748079
321,Szentendre,HU,47.6733,19.0725,85.64,52,10,6.49,1627748080
322,Monsey,US,41.1181,-74.0681,74.68,52,8,1.01,1627748080
323,Poynton,GB,53.3492,-2.1222,64.81,74,90,7.0,1627748081
324,Mexico,US,43.4549,-76.205,70.14,50,50,4.0,1627748081
325,Castro,BR,-24.7893,-50.0123,55.92,51,100,7.63,1627748082
326,Miramar Beach,US,30.3854,-86.3443,93.22,65,1,3.44,1627748083
327,Filton,GB,51.51,-2.574,69.62,73,40,5.99,1627748083
328,Fayence,FR,43.6233,6.6939,84.42,69,5,3.0,1627748084
329,Arhavi,TR,41.3531,41.31,78.82,84,27,5.73,1627748084
330,Peçanha,BR,-18.5489,-42.5569,68.05,47,82,6.91,1627748085
331,Siloam Springs,US,36.1844,-94.5318,90.88,66,1,13.8,1627748085
332,Dorking,GB,51.234,-0.3318,70.27,88,20,1.01,1627748086
333,Fairport,US,43.099,-77.4427,70.16,54,90,1.99,1627748087
334,Bátonyterenye,HU,47.9892,19.8286,81.28,48,6,8.75,1627748087
335,Xushan,CN,30.1697,121.2665,79.29,92,99,3.4,1627748088
336,Gröbenzell,DE,48.2,11.3667,74.55,65,20,5.75,1627747948
337,Betulia,CO,6.1122,-75.9839,78.08,48,80,4.05,1627748089
338,Charlemagne,CA,45.7167,-73.4833,73.31,47,60,1.01,1627748089
339,Carpentersville,US,42.1227,-88.2895,76.44,65,13,1.01,1627748090
340,Banayoyo,PH,17.2333,120.4833,77.22,90,100,6.42,1627748090
341,Atlantida,UY,-34.7701,-55.7613,59.27,62,12,8.39,1627748091
342,Copacabana,CO,6.3486,-75.5103,82.35,41,90,4.18,1627748091
343,Amerzgane,MA,31.0,-7.15,96.4,12,73,12.97,1627748092
344,Nong Wua So,TH,17.1625,102.5728,82.31,84,100,4.12,1627748092
345,Zakho,IQ,37.1436,42.6819,98.67,19,18,5.64,1627748093
346,Barra Longa,BR,-20.2828,-43.0408,72.9,37,4,5.61,1627748093
347,Rovellasca,IT,45.6667,9.05,84.7,62,40,1.99,1627748094
348,Luancheng,CN,37.8792,114.6517,76.55,94,0,8.01,1627748095
349,Hokitika,NZ,-42.7167,170.9667,49.89,88,100,4.76,1627748095
350,Kilembe,UG,0.23,29.9883,70.86,49,94,2.28,1627748096
351,Brugine,IT,45.3,11.9925,91.98,57,8,7.0,1627748096
352,Santiago de los Caballeros,DO,19.45,-70.7,87.31,94,75,6.91,1627748097
353,Ellington,US,41.9151,-72.4485,72.34,55,20,1.99,1627748098
354,Campina Grande,BR,-7.2306,-35.8811,79.63,55,87,16.08,1627748098
355,Tendō,JP,38.3622,140.3783,75.72,98,51,2.68,1627748099
356,Quinquis,FR,47.9325,-3.6969,67.89,66,80,11.77,1627748099
357,Bodelshausen,DE,48.3942,8.9725,74.68,53,72,1.01,1627748100
358,Vinica,MK,41.8828,22.5092,98.02,18,4,6.98,1627748100
359,Montevallo,US,33.1246,-86.8476,92.68,73,1,8.01,1627748101
360,Boulder Creek,US,37.1341,-122.1271,69.26,77,63,2.82,1627748101
361,Tateno,JP,36.0333,140.0667,83.8,90,66,2.35,1627748103
362,Valente,BR,-11.4119,-39.4619,73.42,75,97,16.84,1627748103
363,Turukhansk,RU,65.7931,87.9622,54.77,61,52,6.44,1627748104
364,Talisay City,PH,10.25,123.8333,80.49,82,100,7.43,1627748105
365,Yukuhashi,JP,33.6992,130.9206,83.93,93,99,3.36,1627748105
366,Eau Claire,US,44.8199,-91.4949,73.63,76,20,4.0,1627748106
367,Alexandria,US,31.2923,-92.4702,92.34,67,1,6.91,1627748107
368,Cherry Valley,US,33.9797,-116.9694,86.49,54,55,1.99,1627748107
369,Cachoeira do Arari,BR,-1.0108,-48.9628,87.84,66,34,5.41,1627748108
370,Cajuri,BR,-20.7069,-42.7189,69.93,34,20,6.31,1627748109
371,Ames,ES,42.867,-8.678,71.98,47,88,4.0,1627748109
372,Atak,RU,56.95,75.3333,59.0,96,8,3.51,1627748110
373,Chambourcy,FR,48.9061,2.0403,74.91,60,75,10.36,1627748111
374,Piedra Blanca,DO,18.83,-70.3,87.58,56,40,4.99,1627748111
375,Olivehurst,US,39.0817,-121.5549,92.97,45,1,13.8,1627748112
376,Bad Wildungen,DE,51.1167,9.1167,71.42,49,83,16.11,1627748112
377,Stewartstown,US,39.7528,-76.5925,75.67,61,61,1.99,1627748113
378,Bella,IT,40.7667,15.5333,91.87,19,0,9.73,1627748114
379,Gemeente Cranendonck,NL,51.2853,5.5881,72.01,64,20,16.11,1627748115
380,Issoudun,FR,46.9481,1.9933,71.65,57,92,7.72,1627748115
381,Boaz,US,34.1985,-86.1529,87.08,78,75,4.61,1627748116
382,Teresina,BR,-5.0949,-42.8042,89.38,35,0,9.22,1627748116
383,Lede,BE,50.9658,3.9778,71.94,77,87,10.31,1627748117
384,Root,CH,47.1158,8.3914,74.41,69,90,2.3,1627748118
385,Au in der Hallertau,DE,48.5575,11.7417,76.62,55,57,6.44,1627748021
386,Libertador General San Martín,AR,-23.8,-64.7833,65.97,24,0,3.11,1627748118
387,Langfang,CN,39.5196,116.7006,80.85,80,38,4.76,1627748119
388,Jiexiu,CN,37.0017,111.8933,80.53,29,22,3.44,1627748119
389,Turangi,NZ,-38.989,175.81,38.66,92,100,3.49,1627748120
390,Aberystwyth,GB,52.414,-4.081,65.91,80,49,7.2,1627748121
391,Bennäs,FI,63.6,22.7917,66.4,78,80,6.11,1627748121
392,Campi Salentina,IT,40.4,18.0167,100.72,29,0,6.42,1627748122
393,Rio Del Mar,US,36.9607,-121.8807,71.15,81,90,1.99,1627748122
394,San Pedro Tapanatepec,MX,16.3667,-94.2,88.3,56,44,7.07,1627748123
395,Río de Oro,CO,8.2917,-73.3872,80.53,51,5,0.98,1627748124
396,Paddock Wood,GB,51.1756,0.3955,69.93,75,97,11.34,1627748124
397,Rumburk,CZ,50.9516,14.5571,78.89,54,15,11.25,1627748125
398,Irbid,JO,32.5556,35.85,88.36,34,0,15.1,1627748125
399,Wroughton,GB,51.525,-1.792,69.96,77,75,5.01,1627748126
400,New Castle,US,39.6685,-75.5692,77.49,49,1,1.99,1627748126
401,Piripiri,BR,-4.2728,-41.7769,97.54,16,22,11.18,1627748127
402,Lake Carmel,US,41.4735,-73.7319,72.75,56,6,1.01,1627748128
403,Oppeano,IT,45.3,11.1833,91.78,36,2,10.18,1627748128
404,Pangil,PH,14.4,121.4667,83.01,90,100,11.12,1627748129
405,Lucban,PH,14.1133,121.5569,78.12,86,100,5.32,1627748129
406,Gignac,FR,43.6519,3.5511,81.55,67,82,18.61,1627748130
407,Amalfi,CO,6.9092,-75.0767,79.18,42,74,4.23,1627748131
408,New Brunswick,US,40.487,-74.445,77.02,49,22,3.0,1627748131
409,la Nucia,ES,38.6172,-0.1231,92.34,63,45,10.31,1627748132
410,Vaasa,FI,63.1,21.6167,69.82,52,75,3.44,1627748132
411,Mt. Dora,US,28.8143,-81.6344,92.75,64,1,12.66,1627748133
412,Nossa Senhora das Graças,BR,-23.0378,-51.805,66.67,32,100,13.6,1627748133
413,Dubnica nad Váhom,SK,48.9575,18.1658,84.4,56,70,5.73,1627748134
414,Seregno,IT,45.65,9.2,85.01,61,31,1.01,1627748134
415,Łomża,PL,53.1833,22.0833,81.86,80,99,6.22,1627748135
416,Telford,GB,52.6766,-2.4469,66.81,63,72,7.83,1627748136
417,Old Bethpage,US,40.7557,-73.4544,76.12,50,1,9.22,1627748136
418,Hendrik-Ido-Ambacht,NL,51.85,4.63,71.1,69,40,8.01,1627748137
419,Dover Plains,US,41.6839,-73.5739,73.04,55,10,6.24,1627748138
420,Tillmans Corner,US,30.5818,-88.2128,93.58,67,75,3.44,1627748138
421,Kearns,US,40.652,-112.0093,84.52,50,1,1.99,1627748139
422,Anenii Noi,MD,46.8817,29.2308,89.46,60,65,12.03,1627748139
423,Villagrán,MX,20.517,-100.983,74.91,59,94,6.58,1627748140
424,Mount Joy,US,40.1105,-76.5065,75.94,56,20,1.01,1627748140
425,Badia Polesine,IT,45.094,11.4934,93.49,58,4,5.99,1627748141
426,Križevci pri Ljutomeru,SI,46.5683,16.1386,85.73,68,83,9.69,1627748141
427,Savannah,US,39.9391,-94.8279,76.5,91,90,4.61,1627748142
428,Oakdale,US,37.7616,-120.847,98.13,43,1,6.91,1627748143
429,Nicholasville,US,37.8902,-84.5669,82.35,62,1,5.75,1627748143
430,Souq Larb’a al Gharb,MA,34.7667,-5.8333,81.27,34,37,16.2,1627748144
431,Samannūd,EG,30.9622,31.2425,92.25,31,0,12.82,1627748144
432,Doral,US,25.8151,-80.3565,94.01,68,75,8.05,1627748145
433,West Cowes,GB,50.757,-1.2865,70.18,78,71,3.0,1627748145
434,Mehlville,US,38.5018,-90.3149,71.26,92,75,1.01,1627748146
435,Nohfelden,DE,49.5867,7.1428,70.63,61,92,9.06,1627748146
436,Western Springs,US,41.8022,-87.9006,76.93,62,75,1.99,1627748147
437,Moalboal,PH,9.95,123.4,80.76,82,100,7.49,1627748148
438,Teixeira Soares,BR,-25.3678,-50.4608,56.61,38,94,4.7,1627748148
439,Wadesboro,US,34.9645,-80.0746,89.85,62,1,0.0,1627748149
440,Lipkovo,MK,42.1553,21.5875,97.92,14,4,9.95,1627748149
441,Abatskiy,RU,56.2872,70.4542,61.47,92,48,6.17,1627748150
442,Inongo,CD,-1.94,18.28,80.73,42,94,3.33,1627748150
443,Inverness,GB,57.4781,-4.2233,61.79,72,75,5.01,1627748151
444,Timezgadiouine,MA,30.8833,-9.05,96.66,15,47,11.54,1627748151
445,Bad Münder am Deister,DE,52.1992,9.4653,71.31,64,62,17.02,1627748152
446,San Antonio,PH,14.9486,120.0864,82.24,85,100,12.73,1627748152
447,Tumiritinga,BR,-18.9789,-41.645,76.93,37,37,4.7,1627748153
448,Jussara,BR,-16.1828,-50.78,88.65,15,5,5.39,1627748154
449,Döbeln,DE,51.1194,13.1128,76.71,58,74,11.1,1627748154
450,La Cruz de Mendoza,DO,18.4855,-69.8734,89.29,73,75,3.0,1627748155
451,Dayr az Zawr,SY,35.3333,40.15,102.87,14,0,8.3,1627748155
452,Halfway House,US,40.2824,-75.6362,75.38,54,48,5.01,1627747710
453,Tsnori,GE,41.4652,46.1045,73.9,51,4,4.0,1627748156
454,Itapebi,BR,-15.9508,-39.5339,73.08,61,100,8.75,1627748157
455,Leiderdorp,NL,52.1617,4.5283,70.05,75,55,5.01,1627748157
456,Phoenix,US,43.265,-76.2748,70.18,57,55,0.0,1627748158
457,Sarcedo,IT,45.7,11.5333,90.59,60,11,1.01,1627748158
458,Saint-Zacharie,FR,43.3842,5.7067,86.81,45,1,11.9,1627748159
459,Cairo Montenotte,IT,44.3979,8.2778,80.1,78,47,9.31,1627748160
460,Florennes,BE,50.2514,4.6044,66.47,80,75,6.91,1627748160
461,Thinadhoo,MV,0.7539,73.4353,82.8,68,97,2.24,1627748161
462,Plumas Lake,US,38.9924,-121.558,94.03,46,1,13.8,1627748161
463,Yablon’ki,UA,50.5464,30.235,86.43,37,19,8.99,1627748162
464,Mutare,ZW,-18.9728,32.6694,56.28,79,61,3.94,1627748163
465,Anzin,FR,50.3714,3.5044,71.98,86,93,10.2,1627748163
466,Xinji,CN,38.0658,115.1232,84.52,93,2,8.41,1627748164
467,Monachil,ES,37.1319,-3.5389,83.26,28,19,10.0,1627748165
468,Salto da Divisa,BR,-16.0028,-39.9469,71.2,59,100,12.75,1627748165
469,Willow Springs,US,41.7332,-87.8859,77.02,61,75,1.01,1627748166
470,Naujoji Akmenė,LT,56.325,22.8833,75.79,52,80,9.1,1627748166
471,Jednota,US,40.2188,-76.7602,76.12,56,75,3.44,1627748167
472,Palagonia,IT,37.3333,14.75,99.45,31,1,5.73,1627748167
473,Cwmbach,GB,51.7072,-3.4128,67.35,78,94,11.63,1627748168
474,Laitila,FI,60.8792,21.6931,72.25,63,35,5.97,1627748169
475,Lufilufi,WS,-13.8745,-171.5986,80.38,73,85,16.58,1627748169
476,An Nabk,SY,34.025,36.7344,82.17,27,1,4.0,1627748170
477,Taibao,TW,23.45,120.3333,77.02,93,100,7.83,1627748170
478,São José da Laje,BR,-9.01,-36.0578,80.56,64,71,14.7,1627748171
479,Portland,US,43.6773,-70.2715,73.49,56,20,4.0,1627748171
480,Plymouth,GB,50.3714,-4.1422,68.47,64,91,7.0,1627748172
481,Ciechocinek,PL,52.8833,18.7833,80.78,39,29,15.19,1627748172
482,Oberengstringen,CH,47.4103,8.4633,74.44,61,75,6.91,1627748173
483,Alijó Municipality,PT,41.2764,-7.4749,68.38,22,42,12.06,1627748174
484,Rumoi,JP,43.9411,141.6369,73.35,85,15,5.77,1627748174
485,Cuetzalan,MX,20.0333,-97.5167,76.03,68,55,4.76,1627748175
486,Ianca,RO,45.135,27.4747,85.86,47,32,7.4,1627748175
487,Vila de Frades,PT,38.2,-7.8,78.89,29,0,17.27,1627748176
488,Cuando Cobango Province,AO,-15.1639,19.1731,76.33,17,0,9.75,1627748176
489,Kalanchak,UA,46.255,33.2906,86.43,45,46,7.18,1627748177
490,Canton Valley,US,41.7907,-72.8538,72.55,54,20,1.01,1627748177
491,Salyān,NP,28.35,82.1833,69.19,90,93,1.63,1627748178
492,Várpalota,HU,47.1972,18.1394,85.28,34,14,4.23,1627748179
493,Capim Grosso,BR,-11.3808,-40.0128,75.34,65,100,17.65,1627748179
494,Bad Nenndorf,DE,52.3369,9.3786,71.82,64,65,20.71,1627748180
495,Tympaki,GR,35.0719,24.7683,93.22,39,0,3.0,1627748180
496,Almenara,ES,39.7533,-0.2256,91.54,71,59,8.99,1627748181
497,Santa Elena,AR,-30.95,-59.8,63.55,37,0,5.57,1627748181
498,Itarana,BR,-19.8739,-40.875,63.99,31,7,5.39,1627748182
499,Roquevaire,FR,43.3494,5.6047,88.07,38,1,12.62,1627748183
500,Taunusstein,DE,50.1435,8.1606,73.89,45,40,1.01,1627748183
501,Haaberg,DE,48.6933,8.1786,75.07,54,0,1.01,1627748184
502,La Masse,FR,45.5494,3.7417,58.3,69,100,4.56,1627748184
503,Timber Pines,US,28.469,-82.5999,92.07,64,40,1.01,1627748185
504,Pesaro,IT,43.9102,12.9133,93.11,56,0,7.0,1627748185
505,Azgour,MA,30.9903,-8.1772,89.83,21,96,7.7,1627748186
506,Guachara,BO,-13.5833,-63.5833,80.58,22,3,2.37,1627748186
507,El Palmar,GT,14.65,-91.5833,87.64,73,20,1.99,1627748187
508,Kununurra,AU,-15.4825,128.123,74.62,61,5,4.38,1627748187
509,Jamālpur,BD,24.9004,89.95,79.23,93,99,12.46,1627748188
510,Assab,ER,13.0078,42.7411,86.56,75,41,11.34,1627748188
511,Amberg,DE,49.4444,11.8483,74.37,52,45,8.97,1627748189
512,Arosio,IT,45.7167,9.2167,84.15,61,36,3.0,1627748190
513,Mariópolis,BR,-26.355,-52.5589,62.17,32,100,3.09,1627748190
514,Lake Forest,US,33.6606,-117.6712,88.86,77,20,4.0,1627748191
515,Itapetim,BR,-7.3778,-37.19,86.81,31,23,16.53,1627748191
516,Saint-Maur-des-Fossés,FR,48.7994,2.4997,74.19,53,100,1.01,1627748192
517,Steinheim am der Murr,DE,48.9667,9.2833,77.54,49,41,1.01,1627748192
518,Brus,RS,43.3836,21.0336,96.51,37,57,2.28,1627748193
519,Maklino,RU,55.0,36.4667,77.02,54,54,9.84,1627748194
520,Simões,BR,-7.5989,-40.8178,86.76,36,26,15.64,1627748194
521,South Holland,NL,51.9861,4.6681,71.13,74,40,1.99,1627748195
522,Hudson,CA,45.45,-74.15,72.86,53,38,3.0,1627748195
523,Buriet,CH,47.4664,9.5667,73.29,74,75,4.61,1627748196
524,Nanteuil,FR,46.4128,-0.2081,69.26,58,77,4.0,1627748196
525,Longxian,CN,24.3512,114.1293,77.54,95,98,1.34,1627748197
526,Al Bāshūrah,SY,35.1333,36.75,91.54,32,0,13.73,1627748197
527,Buena Park,US,33.8572,-118.0046,93.4,74,1,1.01,1627748198
528,Destrnik,SI,46.5167,15.9,83.52,50,0,4.61,1627748199
529,Villafranca Tirrena,IT,38.2333,15.4333,92.55,52,0,3.44,1627748199
530,Silleda,ES,42.7,-8.2333,70.02,46,92,8.88,1627748200
531,Nicosia,IT,37.75,14.4,92.26,15,0,3.71,1627748200
532,Bratsk,RU,56.1667,101.6167,61.12,69,99,5.82,1627748201
533,Llerena,ES,38.2333,-6.0167,78.19,17,30,15.7,1627748202
534,Nagasaki,JP,33.2383,129.6506,79.99,90,100,4.76,1627748202
535,Meadow Lake,CA,54.1242,-108.4358,73.4,46,1,0.0,1627748203
536,Sonnhalde,CH,47.4589,8.4378,74.52,63,75,6.91,1627748203
537,Ostrov,RO,44.102,27.4017,91.27,22,0,7.27,1627748204
538,New Brunswick,US,40.4933,-74.4711,76.89,50,22,1.99,1627748204
539,Saks,US,33.7118,-85.8536,88.99,76,1,6.91,1627748205
540,Sontra,DE,51.0667,9.9333,72.28,54,94,10.74,1627748206
541,Rio Piracicaba,BR,-19.9289,-43.1739,71.22,38,9,5.97,1627748206
542,Layka,CN,37.2241,79.7964,89.98,21,80,6.96,1627748207
543,Ambon City,ID,-3.705,128.17,79.45,85,36,7.92,1627748207
544,Tublay,PH,16.5167,120.6167,69.13,93,100,0.92,1627748208
545,Klyuchi,RU,56.3,160.85,49.78,85,100,0.85,1627748208
546,El Carmen,PE,-9.4742,-78.3106,69.93,69,47,7.54,1627748209
547,Pekin,US,40.5679,-89.6262,64.53,91,90,0.0,1627748209
548,Lancaster,US,34.6935,-118.1753,90.48,20,1,3.0,1627748210
549,Brétigny-sur-Orge,FR,48.6114,2.3059,73.9,58,90,3.0,1627748211
550,Makati City,PH,14.55,121.0333,82.76,69,100,1.99,1627748211
551,Slavičín,CZ,49.088,17.8735,82.98,57,70,5.01,1627748212
552,Azul,AR,-36.7833,-59.85,54.05,44,77,5.44,1627748212
553,Murrysville,US,40.4456,-79.6555,75.02,55,16,5.01,1627748213
554,Macaparana,BR,-7.5908,-35.4908,84.88,51,42,19.39,1627748213
555,Pont-Sainte-Maxence,FR,49.3011,2.6036,74.28,66,97,9.69,1627748214
556,San Giorgio a Cremano,IT,40.8333,14.3333,94.6,43,0,8.05,1627748215
557,Eastwood,GB,53.018,-1.304,67.59,73,97,1.99,1627748215
558,Ashausen,DE,53.3667,10.1167,67.21,83,74,13.47,1627748216
559,Caála,AO,-12.85,15.55,75.31,14,0,3.69,1627748216
560,Chiguayante,CL,-36.9167,-73.0167,46.92,62,0,17.27,1627748217
561,Tukwila,US,47.4749,-122.2727,75.34,60,75,5.75,1627748218
562,Tyrone,US,40.6764,-78.246,75.18,58,24,3.67,1627748218
563,La Maná,EC,-0.9417,-79.2347,87.37,66,98,4.54,1627748219
564,Mutzig,FR,48.5386,7.4542,76.15,49,0,9.22,1627748219
565,Jagodina,RS,43.975,21.2564,100.08,27,51,10.0,1627748220
566,Makamba,BI,-4.1333,29.8,68.74,43,45,2.98,1627748220
567,Orindiúva,BR,-20.3333,-49.1833,74.16,18,6,7.16,1627748221
568,Margate,GB,51.3881,1.4046,69.13,83,70,1.99,1627748221
569,Vergara,UY,-32.9377,-53.9378,57.34,52,0,5.66,1627748222
570,Tequila,MX,18.65,-97.15,64.31,50,92,6.44,1627748223
571,Hirschau,DE,49.5445,11.9464,73.67,100,20,9.22,1627748223
572,Dover,US,39.161,-75.5203,77.25,56,1,5.75,1627748224
573,Elda,ES,38.4789,-0.7967,95.25,56,54,3.0,1627748224
574,Dravograd,SI,46.59,15.018,85.77,59,71,1.28,1627748225
575,Mendeleyevsk,RU,55.9,52.3167,76.44,72,59,9.66,1627748225
576,,-,70.9566,-179.59,32.11,88,93,7.34,1627748226
577,Vinh Long,VN,10.255,105.9753,76.98,89,14,8.77,1627748227
578,Silverdale,US,47.6663,-122.6828,75.78,71,100,4.72,1627748227
579,Glazov,RU,58.1333,52.65,66.85,93,69,6.62,1627748228
580,Schönebeck,DE,52.0167,11.75,77.61,41,93,17.45,1627748229
581,Genzano di Roma,IT,41.7022,12.6925,92.97,66,0,14.97,1627748229
582,Wān Yampēng,MM,21.2914,99.6039,72.01,98,100,3.0,1627748230
583,Berea,US,41.3696,-81.8642,75.78,60,20,0.0,1627748230
584,Stann Creek Town,BZ,16.9667,-88.2167,86.05,82,100,9.55,1627748231
585,Cerro Azul,MX,21.2,-97.7331,84.94,62,18,2.55,1627748232
586,Mannar,LK,8.9772,79.9138,81.77,81,16,21.5,1627748232
587,Larrey,FR,47.3167,5.0167,69.31,56,100,9.22,1627748233
588,Hastings Mobile Home Terrace,US,44.7318,-92.8538,77.74,69,1,4.0,1627748233
589,Lawrence,US,42.7003,-71.1626,74.52,56,1,1.01,1627748234
590,Shijiazhuang,CN,37.8369,114.3591,83.35,92,0,6.2,1627748234
591,Sparks,US,39.5729,-119.7157,76.78,52,90,3.44,1627748235
592,Kętrzyn,PL,54.0833,21.3833,66.2,88,57,5.32,1627748236
593,Tyukalinsk,RU,55.8667,72.2,62.92,87,10,4.23,1627748237
594,Brombais,BE,50.7,4.7833,70.72,78,75,10.36,1627748238
595,Sainte-Adresse,FR,49.5064,0.0833,67.01,72,75,10.36,1627748238
596,Glücksburg,DE,54.8336,9.55,67.01,82,78,25.32,1627748239
597,White Oak,US,32.5313,-94.8564,91.94,66,7,3.98,1627748239
598,Haar,DE,48.1,11.7333,74.12,70,95,3.0,1627748240
599,San Jacinto,PH,16.0725,120.4411,78.73,87,100,2.51,1627748241
600,Floridablanca,CO,7.0697,-73.0978,80.98,57,20,8.05,1627748241
601,São José do Egito,BR,-7.4733,-37.2744,87.87,30,29,15.68,1627748242
602,Juayúa,SV,13.8436,-89.746,83.71,53,13,3.24,1627748242
603,Cassilândia,BR,-19.0669,-51.5439,79.47,13,19,5.01,1627748243
604,Ballsh,AL,40.5991,19.7359,93.38,26,0,8.46,1627748243
605,Lac-Mégantic,CA,45.5833,-70.8833,61.45,38,59,13.13,1627748244
606,Chestertown,US,39.2182,-76.0714,78.84,53,95,6.17,1627748244
607,Siliana,TN,36.0819,9.3747,97.12,34,83,21.3,1627748245
608,Akola,IN,20.7333,77.0,81.0,70,100,17.36,1627748246
609,Washington,US,39.6163,-77.77,78.98,51,1,5.99,1627747964
610,Celorico da Beira Municipality,PT,40.6333,-7.4,73.36,23,29,12.5,1627748246
611,Zhytomyr,UA,50.2544,28.6578,78.93,60,54,7.76,1627748247
612,Olomouc,CZ,49.5939,17.2508,84.69,46,66,10.51,1627748248
613,Macclenny,US,30.281,-82.1252,92.61,71,93,7.31,1627748248
614,Yel'nya,RU,54.5667,33.1667,72.43,60,50,6.51,1627748249
615,Dunsborough,AU,-33.6167,115.1,57.11,76,85,36.8,1627748249
616,Watertown,US,42.37,-71.1774,74.41,51,1,1.01,1627748250
617,Burglengenfeld,DE,49.2061,12.0409,77.56,40,1,6.91,1627748250
618,Chackbay,US,29.8817,-90.7742,93.0,73,67,1.99,1627748251
619,Guizhou,CN,27.1017,106.7332,74.75,56,100,3.29,1627748251
620,Oliva,ES,38.9194,-0.1211,94.82,59,44,11.99,1627748252
621,Demerval Lobão,BR,-5.3578,-42.6758,89.01,17,57,10.74,1627748253
622,Westbrook Center,US,41.3069,-72.4665,73.8,50,1,1.01,1627748253
623,Vallenar,CL,-28.9336,-70.4623,68.88,17,0,2.17,1627748254
624,Pasian di Prato,IT,46.05,13.2,90.23,51,0,3.0,1627748254
625,Baryshevo,RU,54.9561,83.1854,70.2,49,100,1.01,1627748255
626,Muleshoe,US,34.2292,-102.7284,85.84,39,5,9.82,1627748256
627,Montdidier,FR,49.6481,2.57,73.06,69,97,9.71,1627748256
628,Loganville,US,33.8353,-83.8957,91.78,68,40,1.99,1627748257
629,Livada,RO,47.8667,23.1333,79.75,54,55,6.44,1627748257
630,Vankovtsi,BG,42.9177,24.2574,96.46,42,41,2.53,1627748258
631,Hiradogoyamachi,JP,32.7833,129.8667,79.79,94,100,2.95,1627748258
632,Amblecote,GB,52.483,-2.15,67.57,81,73,1.01,1627748259
633,Hareid,NO,62.3642,6.0014,59.86,78,89,8.99,1627748259
634,Paese,IT,45.6667,12.15,91.62,49,0,4.61,1627748260
635,Westhoughton,GB,53.549,-2.529,63.48,74,98,8.01,1627748260
636,Karmah an Nuzul,SD,19.6008,30.4097,106.81,8,25,9.08,1627748261
637,Fang,TH,19.7322,99.1403,73.69,96,100,3.47,1627748262
638,Bambang,PH,16.3825,121.11,75.56,91,100,4.21,1627748262
639,Karungdong,PH,5.8833,121.2667,81.73,83,53,4.83,1627748263
640,Dhaunkal,PK,32.2925,74.0506,84.31,60,46,5.19,1627748263
641,Tabon,PH,15.2667,120.9,82.08,92,100,5.26,1627748264
642,Kaiyuan,CN,23.7147,103.2585,71.1,99,100,2.66,1627748264
643,Izola,SI,45.5395,13.6604,91.35,60,0,3.44,1627748265
644,Costabissara,IT,45.5833,11.4833,91.26,56,6,1.01,1627748265
645,Smara,EH,26.0928,-10.6089,111.24,6,0,13.35,1627748266
646,Macclesfield,GB,53.2581,-2.1274,64.09,76,90,8.05,1627748267
647,Água Branca,BR,-5.8178,-42.5128,96.82,18,77,11.23,1627748267
648,Luzilândia,BR,-3.4578,-42.37,95.85,24,64,6.98,1627748268
649,Alachua,US,29.7778,-82.4831,92.41,67,66,4.0,1627748268
650,Belper,GB,53.029,-1.475,66.76,73,93,10.45,1627748269
651,Mosciano Sant'Angelo,IT,42.75,13.8833,95.0,31,1,8.01,1627748269
652,Cavite City,PH,14.4833,120.9,82.98,86,100,17.47,1627748270
653,Dédougou,BF,12.4667,-3.4667,81.61,68,99,8.03,1627748270
654,Santana do Ipanema,BR,-9.3778,-37.245,77.52,70,76,17.52,1627748271
655,Fockbek,DE,54.305,9.6008,67.12,60,48,4.0,1627748272
656,Val-David,CA,46.03,-74.22,69.73,52,54,3.0,1627748272
657,Bucaramanga,CO,7.1186,-73.1161,80.38,57,20,8.05,1627748273
658,Grantsville,US,40.6148,-112.4777,86.0,57,1,0.0,1627748273
659,Leonia,US,40.8638,-73.9899,76.86,46,1,10.36,1627748006
660,Skippack,US,40.2165,-75.419,76.39,54,1,1.01,1627748274
661,Kuantan,MY,3.8167,103.3333,78.94,89,40,0.0,1627748275
662,Vilyaka,LV,57.1842,27.6722,72.07,58,21,9.51,1627748275
663,Zarzis,TN,33.5,11.1167,109.42,37,2,12.39,1627748276
664,Trowbridge,GB,51.32,-2.21,70.81,74,85,13.44,1627748276
665,Kahama,TZ,-3.84,32.6,74.28,28,14,5.08,1627748277
666,Wake,JP,34.8028,134.1575,81.12,78,97,2.93,1627748277
667,Luftkurort Arendsee,DE,52.8767,11.4867,73.09,68,52,17.0,1627748278
668,Meknes,MA,33.7833,-5.7167,85.44,25,6,14.81,1627748279
669,Glashütte,DE,50.85,13.7833,76.35,48,16,11.77,1627748279
670,El Aïoun,MA,34.5949,-2.372,85.44,22,34,12.66,1627748280
671,Grayvoron,RU,50.4833,35.6667,85.19,33,16,10.02,1627748280
672,Sharhorod,UA,48.75,28.0833,83.39,57,61,5.41,1627748281
673,Goundam,ML,16.4167,-3.6667,95.74,34,99,6.8,1627748281
674,Yuci,CN,37.6804,112.73,80.38,29,0,6.71,1627748282
675,Goes,NL,51.5,3.8833,72.03,76,35,8.99,1627748282
676,Floral Park,US,40.7226,-73.7029,76.82,46,40,1.99,1627748283
677,Dzierzgoń,PL,53.9233,19.3514,80.85,43,47,11.79,1627748284
678,Lichtenvoorde,NL,51.9833,6.5667,71.76,71,74,12.57,1627748284
679,Lindong,CN,43.9673,119.357,68.79,82,57,5.91,1627748285
680,Mayuelas,GT,15.1333,-89.3667,84.58,72,60,3.09,1627748178
681,Massy,FR,48.7309,2.2713,73.85,57,90,3.0,1627748286
682,Cosne-Cours-sur-Loire,FR,47.4103,2.925,72.82,61,100,1.01,1627748286
683,Canton,US,34.2467,-84.49,92.14,74,60,1.01,1627748287
684,Dom Pedro,BR,-4.3828,-44.3328,95.0,26,19,6.2,1627748288
685,San Pedro Sula,HN,15.5,-88.0333,85.24,66,40,8.05,1627748288
686,Keene,CA,44.2333,-78.2333,70.88,54,90,3.44,1627748289
687,Chester,GB,53.19,-2.89,64.27,74,75,3.0,1627748289
688,Pointe-Calumet,CA,45.5,-73.97,73.15,53,40,7.0,1627748290
689,Monroe,US,42.603,-89.6382,73.51,67,40,6.91,1627748290
690,Cagayancillo,PH,9.5769,121.1972,84.09,75,83,12.15,1627748291
691,Bisten,DE,49.25,6.7,71.29,61,96,8.23,1627748291
692,Portugal Cove-St. Phillip’s,CA,47.6272,-52.8506,70.81,79,75,27.63,1627748292
693,Barrington,US,39.8689,-75.0514,77.79,47,40,1.01,1627748292
694,Mila Doce,US,26.223,-97.9601,92.82,79,40,10.36,1627748293
695,Springville,US,42.545,-78.7075,67.15,73,2,5.57,1627748293
696,Bois-des-Filion,CA,45.6667,-73.75,73.22,49,19,1.01,1627748294
697,Axixá,BR,-2.8639,-44.0389,86.0,40,25,6.46,1627748295
698,Flöha,DE,50.8558,13.0714,77.18,49,35,5.01,1627748295
699,Berkovitsa Municipality,BG,43.2371,23.1251,94.53,35,30,2.21,1627748296
700,Cumberland Hill,US,41.9736,-71.4605,74.05,57,1,1.01,1627748296
701,South Riding,US,38.9295,-77.5553,79.11,56,75,1.01,1627748297
702,Acireale,IT,37.6125,15.1656,97.84,41,0,10.36,1627748297
703,Glenshaw,US,40.5229,-79.9632,75.61,54,20,4.61,1627748298
704,Medeiros Neto,BR,-17.3739,-40.2208,71.04,57,100,13.71,1627748298
705,Praia,CV,14.9177,-23.5092,84.78,61,40,9.22,1627748299
706,El Mirage,US,33.5905,-112.3271,87.76,69,75,1.01,1627748299
707,Jericó,BR,-6.5539,-37.8089,94.3,28,8,17.07,1627748300
708,Satteldorf,DE,49.1681,10.0808,75.15,58,44,8.84,1627748301
709,Ituaçu,BR,-13.8128,-41.2969,71.06,64,100,8.05,1627748301
710,Sault Ste. Marie,US,46.4817,-84.3723,62.64,87,90,5.75,1627748302
711,Arenal,CO,8.5261,-74.0378,90.73,52,14,4.94,1627748302
712,Winterlingen,DE,48.1797,9.1153,71.2,57,91,4.92,1627748303
713,Lesquin,FR,50.5897,3.1111,72.01,58,99,1.99,1627748303
714,Vitorchiano,IT,42.4664,12.1733,94.08,38,0,13.8,1627748304
715,Acatlán de Juárez,MX,20.4242,-103.6014,76.19,78,98,2.62,1627748304
716,Mula,ES,38.0419,-1.4906,96.08,11,51,23.76,1627748305
717,Valu lui Traian,RO,44.165,28.455,83.41,52,0,14.07,1627748306
718,Capri,IT,40.5556,14.2403,92.25,58,0,0.0,1627748306
719,James City,US,35.0592,-77.02,89.55,66,40,0.0,1627748307
720,Shaoguan,CN,24.8011,113.5927,78.93,91,87,0.92,1627748307
721,Fanwood,US,40.6417,-74.3857,76.75,49,1,5.75,1627748308
722,Penn Hills,US,40.4762,-79.8255,74.98,55,20,4.61,1627748308
723,Herrera,ES,37.3667,-4.8333,87.98,14,5,15.12,1627748309
724,Saint-Thibault-des-Vignes,FR,48.8692,2.6886,73.99,55,40,11.5,1627748309
725,Biassono,IT,45.6306,9.2744,85.21,59,24,1.01,1627748310
726,Zarand,IR,30.8128,56.5639,84.94,19,2,9.95,1627748310
727,Angelim,BR,-8.8833,-36.2833,75.69,63,55,15.75,1627748311
728,Kiratu,TZ,-3.35,35.55,60.84,70,89,6.29,1627748312
729,Vel'yaminovka,RU,44.1,39.0833,78.44,77,0,6.46,1627748312
730,Union City,US,40.1995,-84.8206,75.87,61,81,4.0,1627748313
731,Bagan,RU,54.1,77.6667,64.81,61,31,7.31,1627748313
732,Jiangshan,CN,28.7412,118.6225,77.65,94,78,1.23,1627748314
733,Tōno,JP,39.3275,141.5336,71.65,97,100,3.18,1627748314
734,Arteixo,ES,43.3044,-8.5114,72.84,67,20,8.01,1627748315
735,Shahrud,IR,36.4086,54.9733,77.7,39,77,13.67,1627748315
736,Dowlatābād,IR,32.8639,51.5475,90.75,15,72,17.02,1627748316
737,Mozzecane,IT,45.3,10.8167,91.42,51,2,1.14,1627748316
738,Sacile,IT,45.9541,12.5027,91.11,53,1,3.11,1627748317
739,Oplotnica,SI,46.3878,15.4467,80.85,62,78,1.01,1627748318
740,Sertão,BR,-27.98,-52.26,55.36,49,3,7.14,1627748318
741,Plover,US,44.4614,-89.5383,74.23,71,40,8.99,1627748319
742,Kalajoki,FI,64.2597,23.9486,61.9,73,50,5.48,1627748319
743,Saarlouis,DE,49.3167,6.75,71.47,61,97,8.03,1627748320
744,Dingxing,CN,39.41,115.9235,70.84,83,9,5.88,1627748320
745,Saint-Dizier,FR,48.6383,4.9497,70.11,60,0,8.05,1627748321
746,Norton Shores,US,43.1621,-86.2519,74.98,69,75,5.99,1627748322
747,Golborne,GB,53.4758,-2.5943,64.22,74,93,8.01,1627748322
748,Griffith,AU,-34.29,146.04,55.44,82,75,19.57,1627748323
749,Illéla,NE,14.3601,5.4975,93.29,44,60,9.62,1627748323
750,Tudora,RO,47.5167,26.6333,87.39,47,0,5.48,1627748324
751,Vrontados,GR,38.4167,26.1333,93.07,38,0,4.61,1627748324
752,Isabela,PH,10.2,122.9833,77.92,92,100,3.6,1627748325
753,Tafraout,MA,29.7,-9.0667,99.43,15,28,16.02,1627748326
754,Sarrebourg,FR,48.7347,7.0539,73.98,70,100,8.66,1627748326
755,Zunyi,CN,27.8886,107.2531,70.92,87,94,2.91,1627748327
756,Zachepylivka,UA,49.0179,35.3598,84.45,45,14,1.72,1627748327
757,Lebedyn,UA,50.5831,34.4823,83.91,44,10,2.26,1627748328
758,Uwajima,JP,33.2233,132.5606,75.83,81,99,4.54,1627748328
759,Uznach,CH,47.2242,8.9839,73.47,46,100,2.91,1627748329
760,Kemp Mill,US,39.0412,-77.0215,79.32,59,1,1.99,1627748329
761,Tzaneen,ZA,-23.8333,30.1667,61.05,37,0,1.77,1627748330
762,Vinnytsia,UA,49.2372,28.4672,82.78,48,0,7.0,1627748331
763,Ostwald,FR,48.5511,7.7136,78.17,49,0,9.22,1627748331
764,Rājgīr,IN,25.03,85.42,79.2,81,100,10.2,1627748332
765,Buston,TJ,40.2386,69.6967,84.49,30,20,13.42,1627748332
766,Anáhuac,MX,28.48,-106.7442,69.28,49,22,8.43,1627748333
767,Oak Park,US,38.3376,-85.7026,78.8,72,90,1.01,1627748333
768,Yukhnov,RU,54.75,35.2333,73.02,53,70,8.23,1627748334
769,Tantoyuca,MX,21.35,-98.2333,83.77,66,22,1.68,1627748334
770,Taroudant,MA,30.4969,-8.8211,83.7,16,1,19.22,1627748335
771,Pennsville,US,39.6266,-75.5089,77.97,47,1,1.99,1627748336
772,Ciudad Evita,AR,-34.7261,-58.5289,60.78,44,0,6.91,1627748337
773,Seysses,FR,43.4981,1.3125,65.01,88,75,8.05,1627748337
774,Étalle,BE,49.6739,5.6019,68.36,71,98,8.21,1627748338
775,Addanki,IN,15.811,79.9738,87.94,52,100,7.83,1627748338
776,Sansom Park,US,32.8028,-97.4021,95.23,58,1,9.22,1627748339
777,Monessen,US,40.1519,-79.8828,76.71,60,18,1.01,1627748339
778,Santa Teresita,PH,13.8664,120.9814,79.92,88,100,9.6,1627748340
779,Simplício Mendes,BR,-7.8539,-41.91,90.45,35,100,15.28,1627748341
780,Colusa,US,39.2059,-122.0125,83.73,36,81,8.05,1627748341
781,Madagh,MA,35.085,-2.2392,93.04,44,28,13.71,1627748342
782,Blackrock,IE,53.3015,-6.1778,65.59,83,75,1.99,1627748342
783,Chihuahua,MX,28.5939,-105.8878,70.95,64,40,0.0,1627748343
784,Écouen,FR,49.0186,2.3811,72.99,51,40,6.91,1627748343
785,Brushy Creek,US,30.5125,-97.7388,92.25,66,40,3.0,1627748344
786,Bushey,GB,51.6429,-0.3604,68.79,84,75,8.05,1627748344
787,Indang,PH,14.2,120.8833,79.57,90,98,11.23,1627748345
788,Mascota,MX,20.8511,-104.819,75.02,89,100,1.83,1627748345
789,Kaduqli,SD,11.01,29.7,74.12,87,98,2.73,1627748346
790,Nonthaburi,TH,13.8667,100.5167,84.15,63,20,6.91,1627748347
791,Conneaut,US,41.9278,-80.5685,72.95,59,40,3.44,1627748347
792,Binasco,IT,45.3333,9.1,86.38,53,40,5.01,1627748348
793,Fuqing,CN,25.7232,119.3735,80.33,97,100,1.81,1627748348
794,Franklin,US,41.3936,-79.8425,73.22,59,20,6.91,1627748349
795,Reguengos de Monsaraz,PT,38.4167,-7.5333,82.8,21,78,17.72,1627748349
796,San Secondo Parmense,IT,44.9167,10.2333,92.48,43,20,3.44,1627748350
797,Paternò,IT,37.5667,14.9,98.42,38,0,10.36,1627748350
798,Esik,KZ,43.3552,77.4524,65.62,40,0,7.76,1627748351
799,Linhepu,CN,38.2727,106.2496,80.74,20,0,13.53,1627748351
800,Stranraer,GB,54.902,-5.027,60.67,77,74,21.54,1627748352
801,Bakhchisaray,UA,44.7528,33.8608,80.13,55,32,4.16,1627748353
802,Subcetate,RO,46.1667,21.3167,91.33,36,0,13.0,1627748353
803,Knox,US,40.4389,-82.3481,76.39,60,1,5.75,1627748354
804,Bocaue,PH,14.8,120.9333,82.98,87,100,4.59,1627748354
805,Ixtapaluca,MX,19.3186,-98.8822,66.09,56,37,3.74,1627748355
806,Hengshui,CN,37.7348,115.686,79.18,85,3,0.18,1627748355
807,Staroye Baryatino,RU,54.7333,55.9667,71.08,71,89,5.41,1627748356
808,St Albans,GB,51.726,-0.3,69.17,87,73,8.05,1627748356
809,Pantao-Ragat,PH,8.05,124.15,69.28,92,99,3.42,1627748357
810,Emirdağ,TR,39.0197,31.15,86.45,23,2,17.09,1627748358
811,Shildon,GB,54.63,-1.65,64.98,91,75,1.01,1627748358
812,Arbon,CH,47.5167,9.4333,73.81,69,75,4.61,1627748359
813,Wintzenheim,FR,48.0731,7.29,77.13,49,0,6.91,1627748359
814,Hayes,GB,51.378,0.0192,68.7,81,82,1.01,1627748360
815,Kratié,KH,12.4881,106.0188,74.77,92,47,5.37,1627748360
816,Oued Zem,MA,32.9464,-6.4342,91.45,23,0,17.67,1627748361
817,Waterbury,US,41.5583,-73.0361,73.45,48,40,3.0,1627748361
818,Fátima,BR,-10.6,-38.2169,70.65,90,95,13.38,1627748362
819,Charoen Sin,TH,17.5837,103.5422,82.18,86,100,4.05,1627748363
820,Kinston,US,35.2748,-77.5936,89.38,78,90,4.61,1627748363
821,Wheathampstead,GB,51.812,-0.293,69.01,83,80,8.05,1627748364
822,Dilijan,AM,40.7408,44.8631,66.43,80,46,4.92,1627748364
823,Malsch,DE,48.8808,8.3342,76.19,57,95,7.96,1627748365
824,Valinhos,BR,-22.9708,-46.9958,67.77,32,0,11.5,1627748365
825,Semenivka,UA,52.1772,32.5797,81.14,53,41,2.73,1627748366
826,Magstadt,DE,48.7422,8.965,75.22,46,0,5.75,1627748366
827,Santana de Mangueira,BR,-7.4278,-38.2639,91.54,30,13,12.39,1627748367
828,Tofol,FM,5.3258,163.0086,83.05,72,23,10.22,1627748367
829,Merauke,ID,-8.4932,140.4018,74.75,93,93,9.06,1627748368
830,Banda Aceh,ID,5.55,95.3175,81.82,66,100,13.33,1627748369
831,Hanamaulu,US,21.9954,-159.3493,80.58,73,40,14.97,1627748037
832,Canarana,BR,-11.685,-41.7689,80.08,42,68,15.59,1627748369
833,Cut Off,US,29.5164,-90.3291,93.0,70,1,0.0,1627748370
834,Estrela do Sul,BR,-18.7458,-47.6928,79.05,31,5,10.07,1627748371
835,Civita Castellana,IT,42.2961,12.41,96.51,49,0,10.0,1627748371
836,Toumodi,CI,6.552,-5.019,80.17,80,67,6.58,1627748372
837,Déville-lès-Rouen,FR,49.4697,1.0497,71.55,60,75,3.0,1627748372
838,Estepa,ES,37.2917,-4.8792,84.79,14,6,15.52,1627748373
839,Roldanillo,CO,4.4136,-76.1547,81.57,60,56,0.69,1627748373
840,Miguelópolis,BR,-20.1794,-48.0319,80.42,24,7,4.94,1627748374
841,Jalandhar,IN,31.3256,75.5792,86.11,67,10,4.92,1627748374
842,Shimanovsk,RU,51.7603,128.1212,54.68,99,100,13.33,1627748375
843,Coatesville,US,39.9849,-75.8503,75.58,58,1,5.75,1627748375
844,Kemberg,DE,51.7736,12.6359,77.63,51,88,14.7,1627748376
845,Lake Arbor,US,38.907,-76.8299,79.83,58,75,6.91,1627748377
846,Bovec,SI,46.3378,13.5522,86.07,71,75,0.0,1627748377
847,Chauny,FR,49.6156,3.2192,73.67,65,98,10.2,1627748378
848,Leicester,US,42.24,-71.912,71.24,57,1,1.01,1627748378
849,Port Mathurin,MU,-19.6833,63.4211,71.8,73,1,27.25,1627748379
850,Whitemarsh Island,US,32.0304,-81.0109,94.01,61,1,1.99,1627748379
851,Keswick,GB,54.5999,-3.1293,63.59,81,93,8.86,1627748380
852,Partido de Esteban Echeverría,AR,-34.8167,-58.4667,60.73,44,0,6.91,1627748380
853,Suzak,KG,40.8127,72.9731,80.44,20,45,5.3,1627748381
854,Münchenstein,CH,47.5186,7.6174,76.66,54,75,1.01,1627748381
855,Barcellona Pozzo di Gotto,IT,38.15,15.2167,94.15,56,0,4.0,1627748382
856,Al Mubarraz,SA,25.41,49.5808,111.51,8,0,9.22,1627748383
857,Pradópolis,BR,-21.3594,-48.0656,77.18,24,47,5.84,1627748383
858,Lorica,CO,9.2419,-75.816,87.67,69,95,4.25,1627748384
859,Petropavlivka,UA,48.3823,36.3086,82.62,49,2,3.4,1627748384
860,Offanengo,IT,45.3833,9.7333,88.12,56,2,1.01,1627748385
861,Pelsall,GB,52.631,-1.972,66.96,77,84,4.0,1627748385
862,Keratsini-Drapetsona,GR,37.9667,23.6333,102.07,31,0,3.0,1627748386
863,Bad Goisern am Hallstättersee,AT,47.6417,13.6167,74.86,100,95,3.76,1627748386
864,Ankum,DE,52.5433,7.8708,68.86,71,90,15.86,1627748387
865,Bom Jesus,BR,-5.3158,-48.2289,95.9,28,10,5.14,1627748388
866,Bezirk Horgen,CH,47.2608,8.5975,73.58,62,40,5.75,1627748388
867,Taketoyo,JP,34.85,136.9167,81.01,89,75,5.75,1627748389
868,Sar-e Pul,AF,36.2214,65.9278,82.65,15,0,4.85,1627748389
869,Zhize,CN,21.5989,111.5907,83.84,84,100,7.92,1627748390
870,Bad Aibling,DE,47.865,12.0097,74.86,63,97,0.4,1627748390
871,Westminster,US,39.5796,-77.0066,77.49,56,1,4.61,1627748391
872,Zhouqu Chengguanzhen,CN,33.7844,104.3652,67.96,78,5,4.72,1627748391
873,Dracut,US,42.6832,-71.301,73.81,56,1,1.99,1627748392
874,Le Chesnay-Rocquencourt,FR,48.8203,2.1303,73.22,57,90,11.5,1627748393
875,Ranstadt,DE,50.3575,8.9842,76.51,48,81,10.83,1627748393
876,Temirtau,KZ,50.0667,72.9667,68.41,35,20,7.2,1627748394
877,Milton Keynes,GB,52.04,-0.76,68.68,60,99,9.75,1627748394
878,Xiluodu,CN,28.039,103.8584,64.38,81,0,6.26,1627748395
879,Sovicille,IT,43.2833,11.2333,92.75,44,0,1.01,1627748395
880,Zhumadian,CN,32.9773,114.0253,81.93,79,0,7.02,1627748396
881,Lembekayan,ID,2.8375,117.3653,80.56,92,44,2.98,1627748396
882,Deer Park,US,29.6898,-95.1151,92.32,65,40,1.99,1627748064
883,Bulverde,US,29.7744,-98.4364,89.42,68,0,1.01,1627748397
884,Liaoyang,CN,36.8039,113.4446,74.68,48,19,5.17,1627748398
885,City of Marikina,PH,14.65,121.1,82.89,64,100,10.2,1627748398
886,Norderstedt,DE,53.7064,10.0103,67.08,92,75,3.0,1627748399
887,Ouidah,BJ,6.3604,2.09,84.15,73,28,12.91,1627748399
888,Glenbrook,AU,-33.765,150.6267,63.18,77,0,3.04,1627748400
889,Waukesha,US,43.0087,-88.2464,77.23,67,75,4.0,1627748400
890,Rockmart,US,34.0103,-85.0441,91.78,72,1,5.75,1627748401
891,San Jose del Monte,PH,14.8139,121.0453,82.44,85,100,4.45,1627748402
892,Buenos Aires,CR,9.1497,-83.3334,85.59,64,13,3.67,1627748404
893,Málaga,ES,36.7194,-4.42,93.25,21,0,24.0,1627748405
894,Kingston Estates,US,39.9188,-74.9898,77.88,47,1,3.0,1627748405
895,Ploërmel,FR,47.9317,-2.3975,67.66,66,94,7.05,1627748406
896,Ca Mau,VN,9.1833,105.15,77.77,92,48,5.68,1627748407
897,Rivanazzano,IT,44.9308,9.0142,85.75,56,20,9.4,1627748407
898,Carlos Barbosa,BR,-29.2978,-51.5039,65.32,55,0,2.26,1627748408
899,Borriol,ES,40.0422,-0.0714,84.79,57,83,13.58,1627748408
900,Browns Mills,US,39.9562,-74.6,77.4,49,1,0.0,1627748409
901,American Canyon,US,38.1796,-122.2583,73.83,78,75,5.01,1627748409
902,Kremmen,DE,52.7667,13.0331,75.97,50,97,15.88,1627748410
903,Jose Pañganiban,PH,14.3,122.7,78.6,81,97,6.4,1627748410
904,Lindon,US,40.3059,-111.7545,85.96,52,1,1.01,1627748411
905,Saint-Privat-des-Vieux,FR,44.1442,4.1292,84.74,45,97,6.46,1627748412
906,Utica,US,43.0961,-75.226,69.35,57,47,3.0,1627748412
907,Sechura,PE,-5.5576,-80.8223,74.55,60,6,8.55,1627748413
908,Kirkebygda,NO,59.7639,11.1444,67.57,75,100,8.12,1627748413
909,Brush,US,40.2598,-103.6323,70.77,68,90,3.44,1627748414
910,Hanwell,GB,51.5189,-0.3376,69.08,84,75,1.01,1627748414
911,Rancagua,CL,-34.1654,-70.7398,55.29,58,9,4.61,1627748415
912,Ojinaga,MX,29.5644,-104.4164,89.51,45,90,0.0,1627748415
913,Tichborne,GB,51.0907,-1.1612,69.39,77,81,10.74,1627748416
914,Castanhal,BR,-1.43,-47.9169,87.82,70,29,6.53,1627748416
915,Coesfeld,DE,51.9458,7.1675,71.02,64,80,5.99,1627748417
916,Middelburg,NL,51.4997,3.6136,70.99,80,20,17.27,1627748418
917,Lávrio,GR,37.7,24.05,102.61,45,0,7.4,1627748418
918,Ahfir,MA,34.9382,-2.1455,90.14,33,16,9.15,1627748419
919,Gotse Delchev,BG,41.5737,23.7291,97.05,15,21,2.37,1627748419
920,Tanglewilde-Thompson Place,US,47.0512,-122.781,74.07,73,1,1.99,1627748420
921,East Hemet,US,33.7301,-116.941,92.01,48,15,1.01,1627748420
922,Paulistana,BR,-8.1439,-41.15,81.81,51,58,14.34,1627748421
923,Mdiq,MA,35.6857,-5.3251,82.38,42,0,17.27,1627748422
924,Ustaritz,FR,43.3994,-1.4564,66.78,82,75,6.91,1627748422
925,Montelíbano,CO,7.9711,-75.4181,85.39,69,96,3.89,1627748423
926,Yoichi,JP,43.2039,140.7703,73.22,81,18,3.18,1627748423
927,Neubrandenburg,DE,53.5569,13.2608,71.6,66,39,20.56,1627748424
928,Sangaree,US,33.0328,-80.1253,94.26,74,40,1.99,1627748424
929,Nyimba,ZM,-14.5495,30.81,69.44,50,44,10.04,1627748425
930,Aratuípe,BR,-13.0789,-39.0019,73.02,91,98,9.42,1627748426
931,Mogador,MA,31.513,-9.7687,74.21,67,2,33.91,1627748426
932,Gazzo Veronese,IT,45.15,11.0833,91.72,27,0,6.62,1627748427
933,Zwenkau,DE,51.2175,12.3242,77.18,38,47,3.0,1627748427
934,Passa Quatro,BR,-22.3328,-45.0919,69.71,32,85,2.04,1627748428
935,Guapimirim,BR,-22.5369,-42.9819,75.02,55,91,4.83,1627748428
936,Fish Hawk,US,27.8511,-82.2164,92.98,74,40,1.01,1627748429
937,Cobleskill,US,42.6841,-74.4478,70.74,57,50,4.0,1627748429
938,Waycross,US,31.2108,-82.3579,92.91,70,75,8.05,1627748230
939,Hightstown,US,40.2686,-74.5253,76.98,53,27,1.01,1627748430
940,Woodlake,US,37.4216,-77.6783,81.18,71,89,1.01,1627748431
941,Villasanta,IT,45.6053,9.3033,85.53,58,40,1.01,1627748431
942,Berlin,US,43.9704,-88.9505,75.22,84,65,11.03,1627748432
943,Alta Sierra,US,39.1237,-121.0523,89.42,41,1,1.01,1627748433
944,San Juan del Sur,NI,11.25,-85.8667,85.89,76,86,19.04,1627748433
945,Aberdeen,GB,57.15,-2.11,59.38,77,90,11.5,1627748434
946,Montepulciano,IT,43.1,11.7833,91.96,39,0,11.99,1627748434
947,Jalpan,MX,21.1342,-99.4586,70.63,67,80,3.04,1627748435
948,Veitshöchheim,DE,49.8328,9.8817,74.8,49,91,8.81,1627748435
949,Garden City,US,33.5927,-79.007,96.26,81,40,11.5,1627748436
950,Stalle,BE,50.8117,4.3181,71.92,80,40,1.99,1627748437
951,Beloye,UA,48.4936,39.0367,81.88,53,94,5.32,1627748437
952,Cuyahoga Falls,US,41.1641,-81.5207,74.16,51,1,0.0,1627748438
953,Tubao,PH,16.35,120.4167,80.53,84,100,1.88,1627748438
954,Fussa,JP,35.7386,139.3267,82.62,88,40,3.44,1627748439
955,Macaíba,BR,-5.8578,-35.3539,86.83,51,40,13.8,1627748439
956,Castanet-Tolosan,FR,43.5156,1.4981,65.17,88,75,8.05,1627748440
957,Sigma,PH,11.4214,122.6662,78.21,88,93,3.4,1627748441
958,Sittingbourne,GB,51.341,0.7524,70.0,79,89,12.57,1627748441
959,Changli,CN,39.7119,118.9845,69.24,91,100,3.94,1627748442
960,Taraz,KZ,42.8833,71.3667,80.85,17,92,11.18,1627748442
961,St Louis,US,38.6358,-90.2451,71.35,92,75,5.75,1627748443
962,Groß-Enzersdorf,AT,48.2,16.55,85.66,51,20,5.75,1627748443
963,Plescop,FR,47.6989,-2.8061,67.98,77,90,6.91,1627748444
964,Adămuş,RO,46.3297,24.27,89.69,40,20,8.05,1627748444
965,Bala,CA,45.1264,-79.558,64.4,78,85,6.85,1627748445
966,Kuching,MY,1.5397,110.3542,82.53,83,20,2.3,1627748445
967,Großostheim,DE,49.9167,9.0833,76.51,50,77,8.93,1627748446
968,Hjärup,SE,55.6707,13.141,67.98,67,69,3.0,1627748447
969,Ilha Redonda,BR,-8.62,-39.6019,83.82,40,99,17.02,1627748447
970,Pāluṅ,NP,27.551,85.13,75.81,96,98,5.35,1627748448
971,Campodarsego,IT,45.5,11.9167,89.94,59,2,7.83,1627748448
972,Reggane,DZ,26.9833,-0.0333,111.87,3,0,11.36,1627748449
973,Nacaome,HN,13.5333,-87.4833,92.01,46,60,3.0,1627748449
974,Kyzylzhar,KZ,52.4,76.8333,66.4,37,61,8.43,1627748450
975,Chester,US,37.3531,-77.4342,82.98,73,40,1.99,1627748450
976,Fazenda Lajes,BR,-4.0969,-39.2389,95.25,24,84,12.24,1627748451
977,Moulins,FR,46.5647,3.3325,65.41,78,100,3.2,1627748452
978,West Miami,US,25.7578,-80.2969,93.99,68,75,8.05,1627748452
979,Poienile de sub Munte,RO,47.8167,24.4333,78.93,56,5,2.37,1627748453
980,Guatemala City,GT,14.6099,-90.5252,74.98,73,75,18.41,1627748453
981,Biddulph,GB,53.12,-2.17,64.29,81,91,7.0,1627748454
982,Ostrach,DE,47.9525,9.3814,73.27,65,88,3.0,1627748454
983,Ipameri,BR,-17.7219,-48.16,81.93,27,3,8.63,1627748455
984,Kermit,US,31.854,-103.0924,86.22,45,1,9.22,1627748455
985,Siliguri,IN,26.72,88.42,77.61,93,41,5.32,1627748456
986,Leopoldo de Bulhões,BR,-16.6189,-48.7439,84.61,28,38,7.0,1627748457
987,Converse,US,29.5091,-98.3084,91.67,73,20,3.0,1627748457
988,Sierra Vista,US,31.563,-110.3153,79.81,59,1,0.0,1627748458
989,Cosautlán,MX,19.3333,-96.9833,74.59,50,70,3.87,1627748458
990,Debar,MK,41.525,20.5272,85.95,17,0,7.2,1627748459
991,Marlborough,GB,51.42,-1.73,69.76,75,87,12.03,1627748459
992,Valls,ES,41.2883,1.2508,81.1,74,20,2.3,1627748460
993,Wentorf bei Hamburg,DE,53.5089,10.2483,66.7,93,71,14.9,1627748460
994,Ranong,TH,9.9923,98.6507,79.9,86,100,12.41,1627748461
995,Neustadt bei Coburg,DE,50.3289,11.1211,72.5,47,36,10.56,1627748461
996,Britânia,BR,-15.2408,-51.1608,93.61,14,40,5.61,1627748462
997,Ilchester,US,39.2187,-76.7684,79.09,56,40,1.01,1627748463
998,Añisoc,GQ,1.8656,10.7689,74.62,91,92,2.77,1627748464
999,Charlotte,US,35.208,-80.8304,88.68,69,75,1.01,1627748464
